<?xml version="1.0" encoding="utf-8"?>
<metaOptions>
  <name>EXP_CONSTRUCTORBLOCK_NAME</name>
  <description>EXP_CONSTRUCTORBLOCK_DESCRIPTION</description>
  <copyright>copyright</copyright>
  <license>General Public License</license>
  <version>1.0</version>
  <author>EXP_CONSTRUCTORBLOCK_AUTHOR</author>
  <email>info@maze-studio.ru</email>
  <created>08.07.2013</created>
  <siteauthor>maze-studio.ru</siteauthor>
	
  <menu img="/library/image/icon/16/hosting/white/icon-windows.png" path="/admin/constructorblock" title="EXP_CONSTRUCTORBLOCK_NAME"></menu>
	
</metaOptions>
